full:0.001,full:0.004,full:0.02,full:0.04
0.0416004051964,0.0216925888609,0.00786081285914,0.00535356644786
