full:0.001,full:0.004,full:0.02,full:0.04
0.0321587948699,0.0156473494506,0.00653626087019,0.00486160521598
